-- MySQL dump 10.13  Distrib 8.0.15, for Linux (x86_64)
--
-- Host: localhost    Database: skillbox
-- ------------------------------------------------------
-- Server version	8.0.15
/*!40103 SET @OLD_TIME_ZONE=@@TIME_ZONE */;
/*!40103 SET TIME_ZONE='+00:00' */;
/*!40014 SET @OLD_UNIQUE_CHECKS=@@UNIQUE_CHECKS, UNIQUE_CHECKS=0 */;
/*!40014 SET @OLD_FOREIGN_KEY_CHECKS=@@FOREIGN_KEY_CHECKS, FOREIGN_KEY_CHECKS=0 */;
/*!40101 SET @OLD_SQL_MODE=@@SQL_MODE, SQL_MODE='NO_AUTO_VALUE_ON_ZERO' */;
/*!40111 SET @OLD_SQL_NOTES=@@SQL_NOTES, SQL_NOTES=0 */;

--
-- Table structure for table `Courses`
--

DROP TABLE IF EXISTS `Courses`;
/*!40101 SET @saved_cs_client     = @@character_set_client */;
 SET character_set_client = utf8mb4 ;
CREATE TABLE `Courses` (
  `id` int(10) unsigned NOT NULL AUTO_INCREMENT,
  `name` varchar(500) DEFAULT NULL,
  `duration` int(10) unsigned DEFAULT NULL COMMENT '   ',
  `type` enum('DESIGN','PROGRAMMING','MARKETING','MANAGEMENT','BUSINESS') NOT NULL COMMENT ' :  /  /  / ',
  `description` varchar(500) DEFAULT NULL,
  `teacher_id` int(10) unsigned DEFAULT NULL COMMENT '  ,   ',
  `students_count` int(10) unsigned DEFAULT NULL COMMENT '   ',
  `price` int(10) unsigned DEFAULT NULL COMMENT '   ',
  `price_per_hour` float DEFAULT NULL,
  PRIMARY KEY (`id`),
  KEY `teacher_idx` (`teacher_id`),
  CONSTRAINT `teacher` FOREIGN KEY (`teacher_id`) REFERENCES `Teachers` (`id`)
) ENGINE=InnoDB AUTO_INCREMENT=47 DEFAULT CHARSET=utf8mb4;
/*!40101 SET character_set_client = @saved_cs_client */;

--
-- Dumping data for table `Courses`
--

LOCK TABLES `Courses` WRITE;
/*!40000 ALTER TABLE `Courses` DISABLE KEYS */;
INSERT INTO `Courses` VALUES (1,'Веб-разработчик c 0 до PRO',10,'PROGRAMMING','Представляем вашему вниманию шикарный курс Веб-разработчик c 0 до PRO',1,99,189600,18960),(2,'Мобильный разработчик с нуля',10,'PROGRAMMING','Представляем вашему вниманию шикарный курс Мобильный разработчик с нуля',2,99,138000,13800),(3,'Java-разработчик',5,'PROGRAMMING','Представляем вашему вниманию шикарный курс Java-разработчик',10,176,78000,15600),(4,'PHP-разработчик с 0 до PRO',3,'PROGRAMMING','Представляем вашему вниманию шикарный курс PHP-разработчик с 0 до PRO',4,275,40000,13333.3),(5,'Python-разработчик с нуля',4,'PROGRAMMING','Представляем вашему вниманию шикарный курс Python-разработчик с нуля',10,396,60000,15000),(6,'Frontend-разработчик',9,'PROGRAMMING','Представляем вашему вниманию шикарный курс Frontend-разработчик',20,1100,80000,8888.89),(7,'Мобильный разработчик PRO',12,'PROGRAMMING','Представляем вашему вниманию шикарный курс Мобильный разработчик PRO',7,99,10000,833.333),(8,'Программист 1С-Битрикс',18,'PROGRAMMING','Представляем вашему вниманию шикарный курс Программист 1С-Битрикс',8,176,2000,111.111),(9,'С#-разработчик с нуля',30,'PROGRAMMING','Представляем вашему вниманию шикарный курс С#-разработчик с нуля',9,275,4000,133.333),(10,'Data Scientist с 0 до PRO',9,'PROGRAMMING','Представляем вашему вниманию шикарный курс Data Scientist с 0 до PRO',10,396,100000,11111.1),(11,'Аналитик данных на Python',3,'PROGRAMMING','Представляем вашему вниманию шикарный курс Аналитик данных на Python',11,1100,8000,2666.67),(12,'Веб-дизайн с нуля до PRO',10,'DESIGN','Представляем вашему вниманию шикарный курс Веб-дизайн с нуля до PRO',12,99,40613,4061.3),(13,'Рекламная графика',10,'DESIGN','Представляем вашему вниманию шикарный курс Рекламная графика',13,99,17100,1710),(14,'UX-дизайн',5,'DESIGN','Представляем вашему вниманию шикарный курс UX-дизайн',14,176,42750,8550),(15,'Анимация интерфейсов',3,'DESIGN','Представляем вашему вниманию шикарный курс Анимация интерфейсов',10,275,85500,28500),(16,'Дизайн интерьеров с нуля',4,'DESIGN','Представляем вашему вниманию шикарный курс Дизайн интерьеров с нуля',16,396,128250,32062.5),(17,'Графический дизайнер с нуля до PRO',9,'DESIGN','Представляем вашему вниманию шикарный курс Графический дизайнер с нуля до PRO',20,1100,171000,19000),(18,'Дизайн мобильных приложений',12,'DESIGN','Представляем вашему вниманию шикарный курс Дизайн мобильных приложений',18,99,21375,1781.25),(19,'Промо-сайты от Red Collar',18,'DESIGN','Представляем вашему вниманию шикарный курс Промо-сайты от Red Collar',19,176,4275,237.5),(20,'Скетчинг для дизайнеров',30,'DESIGN','Представляем вашему вниманию шикарный курс Скетчинг для дизайнеров',20,275,8550,285),(21,'Photoshop c 0 до PRO',9,'DESIGN','Представляем вашему вниманию шикарный курс Photoshop c 0 до PRO',21,396,213750,23750),(22,'Sound-design',3,'DESIGN','Представляем вашему вниманию шикарный курс Sound-design',22,1100,17100,5700),(23,'Cinema4D',10,'DESIGN','Представляем вашему вниманию шикарный курс Cinema4D',23,99,40613,4061.3),(24,'Sketch',10,'DESIGN','Представляем вашему вниманию шикарный курс Sketch',24,99,17100,1710),(25,'Figma',5,'DESIGN','Представляем вашему вниманию шикарный курс Figma',25,176,42750,8550),(26,'Интернет-маркетолог от Ingate',3,'MARKETING','Представляем вашему вниманию шикарный курс Интернет-маркетолог от Ingate',26,275,48000,16000),(27,'SMM-маркетолог от А до Я',4,'MARKETING','Представляем вашему вниманию шикарный курс SMM-маркетолог от А до Я',27,396,72000,18000),(28,'Performance-маркетинг',9,'MARKETING','Представляем вашему вниманию шикарный курс Performance-маркетинг',28,1100,96000,10666.7),(29,'Интернет-маркетолог от А до Я',12,'MARKETING','Представляем вашему вниманию шикарный курс Интернет-маркетолог от А до Я',46,99,12000,1000),(30,'Продвижение в Instagram',18,'MARKETING','Представляем вашему вниманию шикарный курс Продвижение в Instagram',47,176,2400,133.333),(31,'Сквозная аналитика',30,'MARKETING','Представляем вашему вниманию шикарный курс Сквозная аналитика',48,275,4800,160),(32,'Таргетолог от А до Я',9,'MARKETING','Представляем вашему вниманию шикарный курс Таргетолог от А до Я',49,396,120000,13333.3),(33,'UX-аналитик',3,'MARKETING','Представляем вашему вниманию шикарный курс UX-аналитик',25,1100,9600,3200),(34,'Управление репутацией',3,'MARKETING','Представляем вашему вниманию шикарный курс Управление репутацией',25,99,12000,4000),(35,'Как делать контент для YouTube',3,'MARKETING','Представляем вашему вниманию шикарный курс Как делать контент для YouTube',35,176,2400,800),(36,'SEO-специалист',5,'MARKETING','Представляем вашему вниманию шикарный курс SEO-специалист',36,275,4800,960),(37,'Вирусный маркетинг',4,'MARKETING','Представляем вашему вниманию шикарный курс Вирусный маркетинг',37,396,120000,30000),(38,'CRM-маркетолог',5,'MARKETING','Представляем вашему вниманию шикарный курс CRM-маркетолог',38,1100,9600,1920),(39,'Как открыть веб-студию',10,'MANAGEMENT','Представляем вашему вниманию шикарный курс Как открыть веб-студию',39,99,10000,1000),(40,'Как открыть салон красоты',12,'MANAGEMENT','Представляем вашему вниманию шикарный курс Как открыть салон красоты',40,176,2000,166.667),(41,'Управление командами',12,'MANAGEMENT','Представляем вашему вниманию шикарный курс Управление командами',41,275,4000,333.333),(42,'Управление Digital-проектами',12,'MANAGEMENT','Представляем вашему вниманию шикарный курс Управление Digital-проектами',42,396,100000,8333.33),(43,'Excel',55,'MANAGEMENT','Представляем вашему вниманию шикарный курс Excel',43,1100,8000,145.455),(44,'Продюсер онлайн-курсов',5,'MANAGEMENT','Представляем вашему вниманию шикарный курс Продюсер онлайн-курсов',44,99,10000,2000),(45,'Управление продуктом',3,'MANAGEMENT','Представляем вашему вниманию шикарный курс Управление продуктом',45,176,2000,666.667),(46,'SQL',2,'DESIGN',NULL,2,NULL,8550,4275);
/*!40000 ALTER TABLE `Courses` ENABLE KEYS */;
UNLOCK TABLES;

--
-- Table structure for table `PurchaseList`
--

DROP TABLE IF EXISTS `PurchaseList`;
/*!40101 SET @saved_cs_client     = @@character_set_client */;
 SET character_set_client = utf8mb4 ;
CREATE TABLE `PurchaseList` (
  `student_name` varchar(500) DEFAULT NULL,
  `course_name` varchar(500) DEFAULT NULL,
  `price` int(11) DEFAULT NULL,
  `subscription_date` datetime DEFAULT NULL
) ENGINE=InnoDB DEFAULT CHARSET=utf8mb4;
/*!40101 SET character_set_client = @saved_cs_client */;

--
-- Dumping data for table `PurchaseList`
--

LOCK TABLES `PurchaseList` WRITE;
/*!40000 ALTER TABLE `PurchaseList` DISABLE KEYS */;
INSERT INTO `PurchaseList` VALUES ('Амбражевич Порфирий','Веб-разработчик c 0 до PRO',189600,'2018-01-02 00:00:00'),('Жариков Афанасий','Веб-разработчик c 0 до PRO',189600,'2018-05-17 00:00:00'),('Бойков Максим','Веб-разработчик c 0 до PRO',189600,'2018-02-16 00:00:00'),('Гайденко Илья','Веб-разработчик c 0 до PRO',189600,'2018-08-15 00:00:00'),('Ядрихинский Егор','Веб-разработчик c 0 до PRO',189600,'2018-07-01 00:00:00'),('Янпольский Михей','Веб-разработчик c 0 до PRO',189600,'2018-04-02 00:00:00'),('Фуриков Эрнст','Мобильный разработчик с нуля',138000,'2018-01-01 00:00:00'),('Носов Макар','Мобильный разработчик с нуля',138000,'2018-01-03 00:00:00'),('Земцовский Всеволод','Мобильный разработчик с нуля',138000,'2018-05-18 00:00:00'),('Бурцов Никита','Мобильный разработчик с нуля',138000,'2018-02-17 00:00:00'),('Перехваткин Сергей','Мобильный разработчик с нуля',138000,'2018-08-16 00:00:00'),('Никольский Всеслав','Мобильный разработчик с нуля',138000,'2018-07-02 00:00:00'),('Чичерин Федосий','Мобильный разработчик с нуля',138000,'2018-04-03 00:00:00'),('Кооскора Вениамин','Java-разработчик',78000,'2018-01-04 00:00:00'),('Грузинский Парфен','Java-разработчик',78000,'2018-05-19 00:00:00'),('Квасников Емельян','Java-разработчик',78000,'2018-02-18 00:00:00'),('Барсуков Виктор','Java-разработчик',78000,'2018-08-17 00:00:00'),('Лилов Тимофей','Java-разработчик',78000,'2018-07-03 00:00:00'),('Решетилов Изяслав','Java-разработчик',78000,'2018-04-04 00:00:00'),('Беленков Денис','PHP-разработчик с 0 до PRO',40000,'2018-01-05 00:00:00'),('Калашников Терентий','PHP-разработчик с 0 до PRO',40000,'2018-05-20 00:00:00'),('Кандаков Адриан','PHP-разработчик с 0 до PRO',40000,'2018-02-19 00:00:00'),('Абакумов Казимир','PHP-разработчик с 0 до PRO',40000,'2018-08-18 00:00:00'),('Клоков Ярослав','PHP-разработчик с 0 до PRO',40000,'2018-07-04 00:00:00'),('Ягренев Прохор','PHP-разработчик с 0 до PRO',40000,'2018-04-05 00:00:00'),('Блаженов Артем','Python-разработчик с нуля',60000,'2018-01-06 00:00:00'),('Молодых Елисей','Python-разработчик с нуля',60000,'2018-05-21 00:00:00'),('Дьячков Севастьян','Python-разработчик с нуля',60000,'2018-02-20 00:00:00'),('Катаев Павел','Python-разработчик с нуля',60000,'2018-08-19 00:00:00'),('Тургенев Самсон','Python-разработчик с нуля',60000,'2018-07-05 00:00:00'),('Герций Афанасий','Python-разработчик с нуля',60000,'2018-04-06 00:00:00'),('Элиашев Владимир','Frontend-разработчик',80000,'2018-01-07 00:00:00'),('Кутепов Ефим','Frontend-разработчик',80000,'2018-05-22 00:00:00'),('Ягафаров Никон','Frontend-разработчик',80000,'2018-02-21 00:00:00'),('Валевач Измаил','Frontend-разработчик',80000,'2018-08-20 00:00:00'),('Разин Кондрат','Frontend-разработчик',80000,'2018-07-06 00:00:00'),('Ремизов Эрнест','Frontend-разработчик',80000,'2018-04-07 00:00:00'),('Корбылев Якуб','Мобильный разработчик PRO',10000,'2018-01-08 00:00:00'),('Погребняк Давид','Мобильный разработчик PRO',10000,'2018-05-23 00:00:00'),('Елизаров Агап','Мобильный разработчик PRO',10000,'2018-02-22 00:00:00'),('Кортнев Дмитрий','Мобильный разработчик PRO',10000,'2018-08-21 00:00:00'),('Шуста Трофим','Мобильный разработчик PRO',10000,'2018-07-07 00:00:00'),('Ютилов Ерофей','Мобильный разработчик PRO',10000,'2018-04-08 00:00:00'),('Пономарев Валерьян','Программист 1С-Битрикс',2000,'2018-01-09 00:00:00'),('Щеглов Ким','Программист 1С-Битрикс',2000,'2018-05-24 00:00:00'),('Яшнов Владимир','Программист 1С-Битрикс',2000,'2018-02-23 00:00:00'),('Богачёв Тихон','Программист 1С-Битрикс',2000,'2018-08-22 00:00:00'),('Лассман Платон','Программист 1С-Битрикс',2000,'2018-07-08 00:00:00'),('Ярмухаметов Фома','Программист 1С-Битрикс',2000,'2018-04-09 00:00:00'),('Шаломенцев Феоктист','С#-разработчик с нуля',4000,'2018-01-10 00:00:00'),('Толмачёв Аристарх','С#-разработчик с нуля',4000,'2018-05-25 00:00:00'),('Дутов Александр','С#-разработчик с нуля',4000,'2018-02-24 00:00:00'),('Дейнекин Даниил','С#-разработчик с нуля',4000,'2018-08-23 00:00:00'),('Вязьмитин Игнат','С#-разработчик с нуля',4000,'2018-07-09 00:00:00'),('Берлунов Вадим','С#-разработчик с нуля',4000,'2018-04-10 00:00:00'),('Фуриков Эрнст','Data Scientist с 0 до PRO',100000,'2018-04-11 00:00:00'),('Шамило Федосий','Data Scientist с 0 до PRO',100000,'2018-01-11 00:00:00'),('Саввин Онисим','Data Scientist с 0 до PRO',100000,'2018-05-26 00:00:00'),('Порошин Степан','Data Scientist с 0 до PRO',100000,'2018-02-25 00:00:00'),('Большаков Панкратий','Data Scientist с 0 до PRO',100000,'2018-08-24 00:00:00'),('Круминьш Виталий','Data Scientist с 0 до PRO',100000,'2018-07-10 00:00:00'),('Амбражевич Порфирий','Аналитик данных на Python',8000,'2018-04-12 00:00:00'),('Коржаков Юлий','Аналитик данных на Python',8000,'2018-01-12 00:00:00'),('Бойков Максим','Аналитик данных на Python',8000,'2018-05-27 00:00:00'),('Загряжский Марк','Аналитик данных на Python',8000,'2018-02-26 00:00:00'),('Царёв Герасим','Аналитик данных на Python',8000,'2018-08-25 00:00:00'),('Янпольский Михей','Аналитик данных на Python',8000,'2018-07-11 00:00:00'),('Носов Макар','Веб-дизайн с нуля до PRO',40613,'2018-04-13 00:00:00'),('Якусик Вячеслав','Веб-дизайн с нуля до PRO',40613,'2018-01-13 00:00:00'),('Бурцов Никита','Веб-дизайн с нуля до PRO',40613,'2018-05-28 00:00:00'),('Цвиленев Никита','Веб-дизайн с нуля до PRO',40613,'2018-02-27 00:00:00'),('Бурда Рубен','Веб-дизайн с нуля до PRO',40613,'2018-08-26 00:00:00'),('Чичерин Федосий','Веб-дизайн с нуля до PRO',40613,'2018-07-12 00:00:00'),('Кооскора Вениамин','Рекламная графика',17100,'2018-04-14 00:00:00'),('Кутяков Ефрем','Рекламная графика',17100,'2018-01-14 00:00:00'),('Квасников Емельян','Рекламная графика',17100,'2018-05-29 00:00:00'),('Хватов Борислав','Рекламная графика',17100,'2018-02-28 00:00:00'),('Можаев Адриан','Рекламная графика',17100,'2018-08-27 00:00:00'),('Решетилов Изяслав','Рекламная графика',17100,'2018-07-13 00:00:00'),('Беленков Денис','UX-дизайн',42750,'2018-04-15 00:00:00'),('Бондарев Игорь','UX-дизайн',42750,'2018-01-15 00:00:00'),('Кандаков Адриан','UX-дизайн',42750,'2018-05-30 00:00:00'),('Нюхалов Валентин','UX-дизайн',42750,'2018-03-01 00:00:00'),('Давыдов Филипп','UX-дизайн',42750,'2018-08-28 00:00:00'),('Ягренев Прохор','UX-дизайн',42750,'2018-07-14 00:00:00'),('Блаженов Артем','Анимация интерфейсов',85500,'2018-04-16 00:00:00'),('Журавлев Севастьян','Анимация интерфейсов',85500,'2018-01-16 00:00:00'),('Дьячков Севастьян','Анимация интерфейсов',85500,'2018-05-31 00:00:00'),('Боварин Анатолий','Анимация интерфейсов',85500,'2018-03-02 00:00:00'),('Ядрихинский Егор','Анимация интерфейсов',85500,'2018-08-29 00:00:00'),('Герций Афанасий','Анимация интерфейсов',85500,'2018-07-15 00:00:00'),('Элиашев Владимир','Дизайн интерьеров с нуля',128250,'2018-04-17 00:00:00'),('Иньшов Геннадий','Дизайн интерьеров с нуля',128250,'2018-01-17 00:00:00'),('Ягафаров Никон','Дизайн интерьеров с нуля',128250,'2018-06-01 00:00:00'),('Закрятин Георгий','Дизайн интерьеров с нуля',128250,'2018-03-03 00:00:00'),('Никольский Всеслав','Дизайн интерьеров с нуля',128250,'2018-08-30 00:00:00'),('Ремизов Эрнест','Дизайн интерьеров с нуля',128250,'2018-07-16 00:00:00'),('Корбылев Якуб','Графический дизайнер с нуля до PRO',171000,'2018-04-18 00:00:00'),('Шабанов Клавдий','Графический дизайнер с нуля до PRO',171000,'2018-01-18 00:00:00'),('Елизаров Агап','Графический дизайнер с нуля до PRO',171000,'2018-06-02 00:00:00'),('Косков Иннокентий','Графический дизайнер с нуля до PRO',171000,'2018-03-04 00:00:00'),('Лилов Тимофей','Графический дизайнер с нуля до PRO',171000,'2018-08-31 00:00:00'),('Ютилов Ерофей','Графический дизайнер с нуля до PRO',171000,'2018-07-17 00:00:00'),('Пономарев Валерьян','Дизайн мобильных приложений',21375,'2018-04-19 00:00:00'),('Жириновский Наум','Дизайн мобильных приложений',21375,'2018-01-19 00:00:00'),('Яшнов Владимир','Дизайн мобильных приложений',21375,'2018-06-03 00:00:00'),('Лероев Парфен','Дизайн мобильных приложений',21375,'2018-03-05 00:00:00'),('Клоков Ярослав','Дизайн мобильных приложений',21375,'2018-09-01 00:00:00'),('Ярмухаметов Фома','Дизайн мобильных приложений',21375,'2018-07-18 00:00:00'),('Шаломенцев Феоктист','Промо-сайты от Red Collar',4275,'2018-04-20 00:00:00'),('Шалаганов Константин','Промо-сайты от Red Collar',4275,'2018-01-20 00:00:00'),('Дутов Александр','Промо-сайты от Red Collar',4275,'2018-06-04 00:00:00'),('Тянников Иларион','Промо-сайты от Red Collar',4275,'2018-03-06 00:00:00'),('Тургенев Самсон','Промо-сайты от Red Collar',4275,'2018-09-02 00:00:00'),('Берлунов Вадим','Промо-сайты от Red Collar',4275,'2018-07-19 00:00:00'),('Шамило Федосий','Скетчинг для дизайнеров',8550,'2018-04-21 00:00:00'),('Пичугин Дмитрий','Скетчинг для дизайнеров',8550,'2018-01-21 00:00:00'),('Кутепов Ефим','Скетчинг для дизайнеров',8550,'2018-07-20 00:00:00'),('Порошин Степан','Скетчинг для дизайнеров',8550,'2018-06-05 00:00:00'),('Сафонов Самуил','Скетчинг для дизайнеров',8550,'2018-03-07 00:00:00'),('Разин Кондрат','Скетчинг для дизайнеров',8550,'2018-09-03 00:00:00'),('Коржаков Юлий','Photoshop c 0 до PRO',213750,'2018-04-22 00:00:00'),('Гилёв Самсон','Photoshop c 0 до PRO',213750,'2018-01-22 00:00:00'),('Погребняк Давид','Photoshop c 0 до PRO',213750,'2018-07-21 00:00:00'),('Загряжский Марк','Photoshop c 0 до PRO',213750,'2018-06-06 00:00:00'),('Бугаков Валерий','Photoshop c 0 до PRO',213750,'2018-03-08 00:00:00'),('Шуста Трофим','Photoshop c 0 до PRO',213750,'2018-09-04 00:00:00'),('Якусик Вячеслав','Sound-design',17100,'2018-04-23 00:00:00'),('Алексахин Валерий','Sound-design',17100,'2018-01-23 00:00:00'),('Щеглов Ким','Sound-design',17100,'2018-07-22 00:00:00'),('Цвиленев Никита','Sound-design',17100,'2018-06-07 00:00:00'),('Гайденко Илья','Sound-design',17100,'2018-03-09 00:00:00'),('Лассман Платон','Sound-design',17100,'2018-09-05 00:00:00'),('Кутяков Ефрем','Cinema4D',40613,'2018-04-24 00:00:00'),('Коршиков Матвей','Cinema4D',40613,'2018-01-24 00:00:00'),('Толмачёв Аристарх','Cinema4D',40613,'2018-07-23 00:00:00'),('Хватов Борислав','Cinema4D',40613,'2018-06-08 00:00:00'),('Перехваткин Сергей','Cinema4D',40613,'2018-03-10 00:00:00'),('Вязьмитин Игнат','Cinema4D',40613,'2018-09-06 00:00:00'),('Бондарев Игорь','Sketch',17100,'2018-04-25 00:00:00'),('Лавлинский Сидор','Sketch',17100,'2018-01-25 00:00:00'),('Саввин Онисим','Sketch',17100,'2018-07-24 00:00:00'),('Нюхалов Валентин','Sketch',17100,'2018-06-09 00:00:00'),('Барсуков Виктор','Sketch',17100,'2018-03-11 00:00:00'),('Круминьш Виталий','Sketch',17100,'2018-09-07 00:00:00'),('Журавлев Севастьян','Figma',42750,'2018-04-26 00:00:00'),('Шведов Юрий','Figma',42750,'2018-01-26 00:00:00'),('Бойков Максим','Figma',42750,'2018-07-25 00:00:00'),('Боварин Анатолий','Figma',42750,'2018-06-10 00:00:00'),('Абакумов Казимир','Figma',42750,'2018-03-12 00:00:00'),('Янпольский Михей','Figma',42750,'2018-09-08 00:00:00'),('Иньшов Геннадий','Интернет-маркетолог от Ingate',48000,'2018-04-27 00:00:00'),('Шмелёв Гаврила','Интернет-маркетолог от Ingate',48000,'2018-01-27 00:00:00'),('Бурцов Никита','Интернет-маркетолог от Ingate',48000,'2018-07-26 00:00:00'),('Закрятин Георгий','Интернет-маркетолог от Ingate',48000,'2018-06-11 00:00:00'),('Катаев Павел','Интернет-маркетолог от Ingate',48000,'2018-03-13 00:00:00'),('Чичерин Федосий','Интернет-маркетолог от Ingate',48000,'2018-09-09 00:00:00'),('Шабанов Клавдий','SMM-маркетолог от А до Я',72000,'2018-04-28 00:00:00'),('Караулин Борис','SMM-маркетолог от А до Я',72000,'2018-01-28 00:00:00'),('Квасников Емельян','SMM-маркетолог от А до Я',72000,'2018-07-27 00:00:00'),('Косков Иннокентий','SMM-маркетолог от А до Я',72000,'2018-06-12 00:00:00'),('Валевач Измаил','SMM-маркетолог от А до Я',72000,'2018-03-14 00:00:00'),('Решетилов Изяслав','SMM-маркетолог от А до Я',72000,'2018-09-10 00:00:00'),('Жириновский Наум','Performance-маркетинг',96000,'2018-04-29 00:00:00'),('Веденеев Кондрат','Performance-маркетинг',96000,'2018-01-29 00:00:00'),('Кандаков Адриан','Performance-маркетинг',96000,'2018-07-28 00:00:00'),('Лероев Парфен','Performance-маркетинг',96000,'2018-06-13 00:00:00'),('Кортнев Дмитрий','Performance-маркетинг',96000,'2018-03-15 00:00:00'),('Ягренев Прохор','Performance-маркетинг',96000,'2018-09-11 00:00:00'),('Шалаганов Константин','Интернет-маркетолог от А до Я',12000,'2018-04-30 00:00:00'),('Авдеев Панкратий','Интернет-маркетолог от А до Я',12000,'2018-01-30 00:00:00'),('Дьячков Севастьян','Интернет-маркетолог от А до Я',12000,'2018-07-29 00:00:00'),('Тянников Иларион','Интернет-маркетолог от А до Я',12000,'2018-06-14 00:00:00'),('Богачёв Тихон','Интернет-маркетолог от А до Я',12000,'2018-03-16 00:00:00'),('Герций Афанасий','Интернет-маркетолог от А до Я',12000,'2018-09-12 00:00:00'),('Пичугин Дмитрий','Продвижение в Instagram',2400,'2018-05-01 00:00:00'),('Свалов Арсений','Продвижение в Instagram',2400,'2018-01-31 00:00:00'),('Ягафаров Никон','Продвижение в Instagram',2400,'2018-07-30 00:00:00'),('Загряжский Марк','Продвижение в Instagram',2400,'2018-09-13 00:00:00'),('Сафонов Самуил','Продвижение в Instagram',2400,'2018-06-15 00:00:00'),('Дейнекин Даниил','Продвижение в Instagram',2400,'2018-03-17 00:00:00'),('Гилёв Самсон','Сквозная аналитика',4800,'2018-05-02 00:00:00'),('Кахманова Захар','Сквозная аналитика',4800,'2018-02-01 00:00:00'),('Кутепов Ефим','Сквозная аналитика',4800,'2018-09-14 00:00:00'),('Елизаров Агап','Сквозная аналитика',4800,'2018-07-31 00:00:00'),('Бугаков Валерий','Сквозная аналитика',4800,'2018-06-16 00:00:00'),('Большаков Панкратий','Сквозная аналитика',4800,'2018-03-18 00:00:00'),('Алексахин Валерий','Таргетолог от А до Я',120000,'2018-05-03 00:00:00'),('Фунтусов Ярослав','Таргетолог от А до Я',120000,'2018-02-02 00:00:00'),('Погребняк Давид','Таргетолог от А до Я',120000,'2018-09-15 00:00:00'),('Яшнов Владимир','Таргетолог от А до Я',120000,'2018-08-01 00:00:00'),('Гайденко Илья','Таргетолог от А до Я',120000,'2018-06-17 00:00:00'),('Царёв Герасим','Таргетолог от А до Я',120000,'2018-03-19 00:00:00'),('Коршиков Матвей','UX-аналитик',9600,'2018-05-04 00:00:00'),('Алехин Максимильян','UX-аналитик',9600,'2018-02-03 00:00:00'),('Щеглов Ким','UX-аналитик',9600,'2018-09-16 00:00:00'),('Дутов Александр','UX-аналитик',9600,'2018-08-02 00:00:00'),('Перехваткин Сергей','UX-аналитик',9600,'2018-06-18 00:00:00'),('Бурда Рубен','UX-аналитик',9600,'2018-03-20 00:00:00'),('Лавлинский Сидор','Управление репутацией',12000,'2018-05-05 00:00:00'),('Племянников Всеслав','Управление репутацией',12000,'2018-02-04 00:00:00'),('Толмачёв Аристарх','Управление репутацией',12000,'2018-09-17 00:00:00'),('Порошин Степан','Управление репутацией',12000,'2018-08-03 00:00:00'),('Барсуков Виктор','Управление репутацией',12000,'2018-06-19 00:00:00'),('Можаев Адриан','Управление репутацией',12000,'2018-03-21 00:00:00'),('Шведов Юрий','Как делать контент для YouTube',2400,'2018-05-06 00:00:00'),('Гудков Харитон','Как делать контент для YouTube',2400,'2018-02-05 00:00:00'),('Саввин Онисим','Как делать контент для YouTube',2400,'2018-09-18 00:00:00'),('Загряжский Марк','Как делать контент для YouTube',2400,'2018-08-04 00:00:00'),('Абакумов Казимир','Как делать контент для YouTube',2400,'2018-06-20 00:00:00'),('Давыдов Филипп','Как делать контент для YouTube',2400,'2018-03-22 00:00:00'),('Шмелёв Гаврила','SEO-специалист',4800,'2018-05-07 00:00:00'),('Жариков Афанасий','SEO-специалист',4800,'2018-02-06 00:00:00'),('Загряжский Марк','SEO-специалист',4800,'2018-09-19 00:00:00'),('Цвиленев Никита','SEO-специалист',4800,'2018-08-05 00:00:00'),('Катаев Павел','SEO-специалист',4800,'2018-06-21 00:00:00'),('Ядрихинский Егор','SEO-специалист',4800,'2018-03-23 00:00:00'),('Караулин Борис','Вирусный маркетинг',120000,'2018-05-08 00:00:00'),('Земцовский Всеволод','Вирусный маркетинг',120000,'2018-02-07 00:00:00'),('Бурцов Никита','Вирусный маркетинг',120000,'2018-09-20 00:00:00'),('Хватов Борислав','Вирусный маркетинг',120000,'2018-08-06 00:00:00'),('Валевач Измаил','Вирусный маркетинг',120000,'2018-06-22 00:00:00'),('Никольский Всеслав','Вирусный маркетинг',120000,'2018-03-24 00:00:00'),('Веденеев Кондрат','CRM-маркетолог',9600,'2018-05-09 00:00:00'),('Грузинский Парфен','CRM-маркетолог',9600,'2018-02-08 00:00:00'),('Квасников Емельян','CRM-маркетолог',9600,'2018-09-21 00:00:00'),('Нюхалов Валентин','CRM-маркетолог',9600,'2018-08-07 00:00:00'),('Кортнев Дмитрий','CRM-маркетолог',9600,'2018-06-23 00:00:00'),('Лилов Тимофей','CRM-маркетолог',9600,'2018-03-25 00:00:00'),('Авдеев Панкратий','Как открыть веб-студию',10000,'2018-05-10 00:00:00'),('Калашников Терентий','Как открыть веб-студию',10000,'2018-02-09 00:00:00'),('Кандаков Адриан','Как открыть веб-студию',10000,'2018-09-22 00:00:00'),('Боварин Анатолий','Как открыть веб-студию',10000,'2018-08-08 00:00:00'),('Богачёв Тихон','Как открыть веб-студию',10000,'2018-06-24 00:00:00'),('Клоков Ярослав','Как открыть веб-студию',10000,'2018-03-26 00:00:00'),('Свалов Арсений','Как открыть салон красоты',2000,'2018-05-11 00:00:00'),('Молодых Елисей','Как открыть салон красоты',2000,'2018-02-10 00:00:00'),('Дьячков Севастьян','Как открыть салон красоты',2000,'2018-09-23 00:00:00'),('Закрятин Георгий','Как открыть салон красоты',2000,'2018-08-09 00:00:00'),('Дейнекин Даниил','Как открыть салон красоты',2000,'2018-06-25 00:00:00'),('Тургенев Самсон','Как открыть салон красоты',2000,'2018-03-27 00:00:00'),('Кахманова Захар','Управление командами',4000,'2018-05-12 00:00:00'),('Кутепов Ефим','Управление командами',4000,'2018-02-11 00:00:00'),('Ягафаров Никон','Управление командами',4000,'2018-09-24 00:00:00'),('Косков Иннокентий','Управление командами',4000,'2018-08-10 00:00:00'),('Большаков Панкратий','Управление командами',4000,'2018-06-26 00:00:00'),('Разин Кондрат','Управление командами',4000,'2018-03-28 00:00:00'),('Фунтусов Ярослав','Управление Digital-проектами',100000,'2018-05-13 00:00:00'),('Погребняк Давид','Управление Digital-проектами',100000,'2018-02-12 00:00:00'),('Елизаров Агап','Управление Digital-проектами',100000,'2018-09-25 00:00:00'),('Лероев Парфен','Управление Digital-проектами',100000,'2018-08-11 00:00:00'),('Царёв Герасим','Управление Digital-проектами',100000,'2018-06-27 00:00:00'),('Шуста Трофим','Управление Digital-проектами',100000,'2018-03-29 00:00:00'),('Алехин Максимильян','Excel',8000,'2018-05-14 00:00:00'),('Щеглов Ким','Excel',8000,'2018-02-13 00:00:00'),('Яшнов Владимир','Excel',8000,'2018-09-26 00:00:00'),('Тянников Иларион','Excel',8000,'2018-08-12 00:00:00'),('Бурда Рубен','Excel',8000,'2018-06-28 00:00:00'),('Лассман Платон','Excel',8000,'2018-03-30 00:00:00'),('Племянников Всеслав','Продюсер онлайн-курсов',10000,'2018-05-15 00:00:00'),('Толмачёв Аристарх','Продюсер онлайн-курсов',10000,'2018-02-14 00:00:00'),('Дутов Александр','Продюсер онлайн-курсов',10000,'2018-09-27 00:00:00'),('Сафонов Самуил','Продюсер онлайн-курсов',10000,'2018-08-13 00:00:00'),('Можаев Адриан','Продюсер онлайн-курсов',10000,'2018-06-29 00:00:00'),('Вязьмитин Игнат','Продюсер онлайн-курсов',10000,'2018-03-31 00:00:00'),('Гудков Харитон','Управление продуктом',2000,'2018-05-16 00:00:00'),('Саввин Онисим','Управление продуктом',2000,'2018-02-15 00:00:00'),('Порошин Степан','Управление продуктом',2000,'2018-09-28 00:00:00'),('Бугаков Валерий','Управление продуктом',2000,'2018-08-14 00:00:00'),('Давыдов Филипп','Управление продуктом',2000,'2018-06-30 00:00:00'),('Круминьш Виталий','Управление продуктом',2000,'2018-04-01 00:00:00');
/*!40000 ALTER TABLE `PurchaseList` ENABLE KEYS */;
UNLOCK TABLES;

--
-- Table structure for table `Students`
--

DROP TABLE IF EXISTS `Students`;
/*!40101 SET @saved_cs_client     = @@character_set_client */;
 SET character_set_client = utf8mb4 ;
CREATE TABLE `Students` (
  `id` int(10) unsigned NOT NULL AUTO_INCREMENT,
  `name` varchar(45) CHARACTER SET utf8 COLLATE utf8_general_ci NOT NULL COMMENT ' ',
  `age` int(10) unsigned DEFAULT NULL COMMENT ' ',
  `registration_date` datetime NOT NULL COMMENT ' ',
  PRIMARY KEY (`id`)
) ENGINE=InnoDB AUTO_INCREMENT=101 DEFAULT CHARSET=utf8mb4;
/*!40101 SET character_set_client = @saved_cs_client */;

--
-- Dumping data for table `Students`
--

LOCK TABLES `Students` WRITE;
/*!40000 ALTER TABLE `Students` DISABLE KEYS */;
INSERT INTO `Students` VALUES (1,'Фуриков Эрнст',18,'2016-01-01 00:00:00'),(2,'Амбражевич Порфирий',19,'2016-01-08 00:00:00'),(3,'Носов Макар',20,'2016-01-15 00:00:00'),(4,'Кооскора Вениамин',21,'2016-01-22 00:00:00'),(5,'Беленков Денис',22,'2016-01-29 00:00:00'),(6,'Блаженов Артем',23,'2016-02-05 00:00:00'),(7,'Элиашев Владимир',24,'2016-02-12 00:00:00'),(8,'Корбылев Якуб',25,'2016-02-19 00:00:00'),(9,'Пономарев Валерьян',26,'2016-02-26 00:00:00'),(10,'Шаломенцев Феоктист',27,'2016-03-04 00:00:00'),(11,'Шамило Федосий',28,'2016-03-11 00:00:00'),(12,'Коржаков Юлий',29,'2016-03-18 00:00:00'),(13,'Якусик Вячеслав',30,'2016-03-25 00:00:00'),(14,'Кутяков Ефрем',31,'2016-04-01 00:00:00'),(15,'Бондарев Игорь',32,'2016-04-08 00:00:00'),(16,'Журавлев Севастьян',33,'2016-04-15 00:00:00'),(17,'Иньшов Геннадий',34,'2016-04-22 00:00:00'),(18,'Шабанов Клавдий',35,'2016-04-29 00:00:00'),(19,'Жириновский Наум',36,'2016-05-06 00:00:00'),(20,'Шалаганов Константин',37,'2016-05-13 00:00:00'),(21,'Пичугин Дмитрий',38,'2016-05-20 00:00:00'),(22,'Гилёв Самсон',39,'2016-05-27 00:00:00'),(23,'Алексахин Валерий',40,'2016-06-03 00:00:00'),(24,'Коршиков Матвей',41,'2016-06-10 00:00:00'),(25,'Лавлинский Сидор',42,'2016-06-17 00:00:00'),(26,'Шведов Юрий',43,'2016-06-24 00:00:00'),(27,'Шмелёв Гаврила',18,'2016-07-01 00:00:00'),(28,'Караулин Борис',19,'2016-07-08 00:00:00'),(29,'Веденеев Кондрат',20,'2016-07-15 00:00:00'),(30,'Авдеев Панкратий',21,'2016-07-22 00:00:00'),(31,'Свалов Арсений',22,'2016-07-29 00:00:00'),(32,'Кахманова Захар',23,'2016-08-05 00:00:00'),(33,'Фунтусов Ярослав',24,'2016-08-12 00:00:00'),(34,'Алехин Максимильян',25,'2016-08-19 00:00:00'),(35,'Племянников Всеслав',26,'2016-08-26 00:00:00'),(36,'Гудков Харитон',27,'2016-09-02 00:00:00'),(37,'Жариков Афанасий',28,'2016-09-09 00:00:00'),(38,'Земцовский Всеволод',29,'2016-09-16 00:00:00'),(39,'Грузинский Парфен',30,'2016-09-23 00:00:00'),(40,'Калашников Терентий',31,'2016-09-30 00:00:00'),(41,'Молодых Елисей',32,'2016-10-07 00:00:00'),(42,'Кутепов Ефим',33,'2016-10-14 00:00:00'),(43,'Погребняк Давид',34,'2016-10-21 00:00:00'),(44,'Щеглов Ким',35,'2016-10-28 00:00:00'),(45,'Толмачёв Аристарх',36,'2016-11-04 00:00:00'),(46,'Саввин Онисим',37,'2016-11-11 00:00:00'),(47,'Бойков Максим',38,'2016-11-18 00:00:00'),(48,'Бурцов Никита',39,'2016-11-25 00:00:00'),(49,'Квасников Емельян',40,'2016-12-02 00:00:00'),(50,'Кандаков Адриан',41,'2016-12-09 00:00:00'),(51,'Дьячков Севастьян',18,'2016-12-16 00:00:00'),(52,'Ягафаров Никон',19,'2016-12-23 00:00:00'),(53,'Елизаров Агап',20,'2016-12-30 00:00:00'),(54,'Яшнов Владимир',21,'2017-01-06 00:00:00'),(55,'Дутов Александр',22,'2017-01-13 00:00:00'),(56,'Порошин Степан',23,'2017-01-20 00:00:00'),(57,'Загряжский Марк',24,'2017-01-27 00:00:00'),(58,'Цвиленев Никита',25,'2017-02-03 00:00:00'),(59,'Хватов Борислав',26,'2017-02-10 00:00:00'),(60,'Нюхалов Валентин',27,'2017-02-17 00:00:00'),(61,'Боварин Анатолий',28,'2017-02-24 00:00:00'),(62,'Закрятин Георгий',29,'2017-03-03 00:00:00'),(63,'Косков Иннокентий',30,'2017-03-10 00:00:00'),(64,'Лероев Парфен',31,'2017-03-17 00:00:00'),(65,'Тянников Иларион',32,'2017-03-24 00:00:00'),(66,'Сафонов Самуил',33,'2017-03-31 00:00:00'),(67,'Бугаков Валерий',34,'2017-04-07 00:00:00'),(68,'Гайденко Илья',35,'2017-04-14 00:00:00'),(69,'Перехваткин Сергей',36,'2017-04-21 00:00:00'),(70,'Барсуков Виктор',37,'2017-04-28 00:00:00'),(71,'Абакумов Казимир',38,'2017-05-05 00:00:00'),(72,'Катаев Павел',39,'2017-05-12 00:00:00'),(73,'Валевач Измаил',40,'2017-05-19 00:00:00'),(74,'Кортнев Дмитрий',41,'2017-05-26 00:00:00'),(75,'Богачёв Тихон',42,'2017-06-02 00:00:00'),(76,'Дейнекин Даниил',43,'2017-06-09 00:00:00'),(77,'Большаков Панкратий',18,'2017-06-16 00:00:00'),(78,'Царёв Герасим',19,'2017-06-23 00:00:00'),(79,'Бурда Рубен',20,'2017-06-30 00:00:00'),(80,'Можаев Адриан',21,'2017-07-07 00:00:00'),(81,'Давыдов Филипп',22,'2017-07-14 00:00:00'),(82,'Ядрихинский Егор',23,'2017-07-21 00:00:00'),(83,'Никольский Всеслав',24,'2017-07-28 00:00:00'),(84,'Лилов Тимофей',25,'2017-08-04 00:00:00'),(85,'Клоков Ярослав',26,'2017-08-11 00:00:00'),(86,'Тургенев Самсон',27,'2017-08-18 00:00:00'),(87,'Разин Кондрат',28,'2017-08-25 00:00:00'),(88,'Шуста Трофим',29,'2017-09-01 00:00:00'),(89,'Лассман Платон',30,'2017-09-08 00:00:00'),(90,'Вязьмитин Игнат',31,'2017-09-15 00:00:00'),(91,'Круминьш Виталий',32,'2017-09-22 00:00:00'),(92,'Янпольский Михей',33,'2017-09-29 00:00:00'),(93,'Чичерин Федосий',34,'2017-10-06 00:00:00'),(94,'Решетилов Изяслав',35,'2017-10-13 00:00:00'),(95,'Ягренев Прохор',36,'2017-10-20 00:00:00'),(96,'Герций Афанасий',37,'2017-10-27 00:00:00'),(97,'Ремизов Эрнест',38,'2017-11-03 00:00:00'),(98,'Ютилов Ерофей',39,'2017-11-10 00:00:00'),(99,'Ярмухаметов Фома',40,'2017-11-17 00:00:00'),(100,'Берлунов Вадим',41,'2017-11-24 00:00:00');
/*!40000 ALTER TABLE `Students` ENABLE KEYS */;
UNLOCK TABLES;

--
-- Table structure for table `Subscriptions`
--

DROP TABLE IF EXISTS `Subscriptions`;
/*!40101 SET @saved_cs_client     = @@character_set_client */;
 SET character_set_client = utf8mb4 ;
CREATE TABLE `Subscriptions` (
  `student_id` int(10) unsigned NOT NULL,
  `course_id` int(10) unsigned NOT NULL,
  `subscription_date` datetime NOT NULL,
  UNIQUE KEY `unq` (`student_id`,`course_id`),
  KEY `course_idx` (`course_id`),
  CONSTRAINT `course` FOREIGN KEY (`course_id`) REFERENCES `Courses` (`id`),
  CONSTRAINT `student` FOREIGN KEY (`student_id`) REFERENCES `Students` (`id`)
) ENGINE=InnoDB DEFAULT CHARSET=utf8mb4;
/*!40101 SET character_set_client = @saved_cs_client */;

--
-- Dumping data for table `Subscriptions`
--

LOCK TABLES `Subscriptions` WRITE;
/*!40000 ALTER TABLE `Subscriptions` DISABLE KEYS */;
INSERT INTO `Subscriptions` VALUES (1,2,'2018-01-01 00:00:00'),(1,10,'2018-04-11 00:00:00'),(2,1,'2018-01-02 00:00:00'),(2,11,'2018-04-12 00:00:00'),(3,2,'2018-01-03 00:00:00'),(3,12,'2018-04-13 00:00:00'),(4,3,'2018-01-04 00:00:00'),(4,13,'2018-04-14 00:00:00'),(5,4,'2018-01-05 00:00:00'),(5,14,'2018-04-15 00:00:00'),(6,5,'2018-01-06 00:00:00'),(6,15,'2018-04-16 00:00:00'),(7,6,'2018-01-07 00:00:00'),(7,16,'2018-04-17 00:00:00'),(8,7,'2018-01-08 00:00:00'),(8,17,'2018-04-18 00:00:00'),(9,8,'2018-01-09 00:00:00'),(9,18,'2018-04-19 00:00:00'),(10,9,'2018-01-10 00:00:00'),(10,19,'2018-04-20 00:00:00'),(11,10,'2018-01-11 00:00:00'),(11,20,'2018-04-21 00:00:00'),(12,11,'2018-01-12 00:00:00'),(12,21,'2018-04-22 00:00:00'),(13,12,'2018-01-13 00:00:00'),(13,22,'2018-04-23 00:00:00'),(14,13,'2018-01-14 00:00:00'),(14,23,'2018-04-24 00:00:00'),(15,14,'2018-01-15 00:00:00'),(15,24,'2018-04-25 00:00:00'),(16,15,'2018-01-16 00:00:00'),(16,25,'2018-04-26 00:00:00'),(17,16,'2018-01-17 00:00:00'),(17,26,'2018-04-27 00:00:00'),(18,17,'2018-01-18 00:00:00'),(18,27,'2018-04-28 00:00:00'),(19,18,'2018-01-19 00:00:00'),(19,28,'2018-04-29 00:00:00'),(20,19,'2018-01-20 00:00:00'),(20,29,'2018-04-30 00:00:00'),(21,20,'2018-01-21 00:00:00'),(21,30,'2018-05-01 00:00:00'),(22,21,'2018-01-22 00:00:00'),(22,31,'2018-05-02 00:00:00'),(23,22,'2018-01-23 00:00:00'),(23,32,'2018-05-03 00:00:00'),(24,23,'2018-01-24 00:00:00'),(24,33,'2018-05-04 00:00:00'),(25,24,'2018-01-25 00:00:00'),(25,34,'2018-05-05 00:00:00'),(26,25,'2018-01-26 00:00:00'),(26,35,'2018-05-06 00:00:00'),(27,26,'2018-01-27 00:00:00'),(27,36,'2018-05-07 00:00:00'),(28,27,'2018-01-28 00:00:00'),(28,37,'2018-05-08 00:00:00'),(29,28,'2018-01-29 00:00:00'),(29,38,'2018-05-09 00:00:00'),(30,29,'2018-01-30 00:00:00'),(30,39,'2018-05-10 00:00:00'),(31,30,'2018-01-31 00:00:00'),(31,40,'2018-05-11 00:00:00'),(32,31,'2018-02-01 00:00:00'),(32,41,'2018-05-12 00:00:00'),(33,32,'2018-02-02 00:00:00'),(33,42,'2018-05-13 00:00:00'),(34,33,'2018-02-03 00:00:00'),(34,43,'2018-05-14 00:00:00'),(35,34,'2018-02-04 00:00:00'),(35,44,'2018-05-15 00:00:00'),(36,35,'2018-02-05 00:00:00'),(36,45,'2018-05-16 00:00:00'),(37,1,'2018-05-17 00:00:00'),(37,36,'2018-02-06 00:00:00'),(38,2,'2018-05-18 00:00:00'),(38,37,'2018-02-07 00:00:00'),(39,3,'2018-05-19 00:00:00'),(39,38,'2018-02-08 00:00:00'),(40,4,'2018-05-20 00:00:00'),(40,39,'2018-02-09 00:00:00'),(41,5,'2018-05-21 00:00:00'),(41,40,'2018-02-10 00:00:00'),(42,6,'2018-05-22 00:00:00'),(42,20,'2018-07-20 00:00:00'),(42,31,'2018-09-14 00:00:00'),(42,41,'2018-02-11 00:00:00'),(43,7,'2018-05-23 00:00:00'),(43,21,'2018-07-21 00:00:00'),(43,32,'2018-09-15 00:00:00'),(43,42,'2018-02-12 00:00:00'),(44,8,'2018-05-24 00:00:00'),(44,22,'2018-07-22 00:00:00'),(44,33,'2018-09-16 00:00:00'),(44,43,'2018-02-13 00:00:00'),(45,9,'2018-05-25 00:00:00'),(45,23,'2018-07-23 00:00:00'),(45,34,'2018-09-17 00:00:00'),(45,44,'2018-02-14 00:00:00'),(46,10,'2018-05-26 00:00:00'),(46,24,'2018-07-24 00:00:00'),(46,35,'2018-09-18 00:00:00'),(46,45,'2018-02-15 00:00:00'),(47,1,'2018-02-16 00:00:00'),(47,11,'2018-05-27 00:00:00'),(47,25,'2018-07-25 00:00:00'),(48,2,'2018-02-17 00:00:00'),(48,12,'2018-05-28 00:00:00'),(48,26,'2018-07-26 00:00:00'),(48,37,'2018-09-20 00:00:00'),(49,3,'2018-02-18 00:00:00'),(49,13,'2018-05-29 00:00:00'),(49,27,'2018-07-27 00:00:00'),(49,38,'2018-09-21 00:00:00'),(50,4,'2018-02-19 00:00:00'),(50,14,'2018-05-30 00:00:00'),(50,28,'2018-07-28 00:00:00'),(50,39,'2018-09-22 00:00:00'),(51,5,'2018-02-20 00:00:00'),(51,15,'2018-05-31 00:00:00'),(51,29,'2018-07-29 00:00:00'),(51,40,'2018-09-23 00:00:00'),(52,6,'2018-02-21 00:00:00'),(52,16,'2018-06-01 00:00:00'),(52,30,'2018-07-30 00:00:00'),(52,41,'2018-09-24 00:00:00'),(53,7,'2018-02-22 00:00:00'),(53,17,'2018-06-02 00:00:00'),(53,31,'2018-07-31 00:00:00'),(53,42,'2018-09-25 00:00:00'),(54,8,'2018-02-23 00:00:00'),(54,18,'2018-06-03 00:00:00'),(54,32,'2018-08-01 00:00:00'),(54,43,'2018-09-26 00:00:00'),(55,9,'2018-02-24 00:00:00'),(55,19,'2018-06-04 00:00:00'),(55,33,'2018-08-02 00:00:00'),(55,44,'2018-09-27 00:00:00'),(56,10,'2018-02-25 00:00:00'),(56,20,'2018-06-05 00:00:00'),(56,34,'2018-08-03 00:00:00'),(56,45,'2018-09-28 00:00:00'),(57,11,'2018-02-26 00:00:00'),(57,21,'2018-06-06 00:00:00'),(57,30,'2018-09-13 00:00:00'),(57,35,'2018-08-04 00:00:00'),(57,36,'2018-09-19 00:00:00'),(58,12,'2018-02-27 00:00:00'),(58,22,'2018-06-07 00:00:00'),(58,36,'2018-08-05 00:00:00'),(59,13,'2018-02-28 00:00:00'),(59,23,'2018-06-08 00:00:00'),(59,37,'2018-08-06 00:00:00'),(60,14,'2018-03-01 00:00:00'),(60,24,'2018-06-09 00:00:00'),(60,38,'2018-08-07 00:00:00'),(61,15,'2018-03-02 00:00:00'),(61,25,'2018-06-10 00:00:00'),(61,39,'2018-08-08 00:00:00'),(62,16,'2018-03-03 00:00:00'),(62,26,'2018-06-11 00:00:00'),(62,40,'2018-08-09 00:00:00'),(63,17,'2018-03-04 00:00:00'),(63,27,'2018-06-12 00:00:00'),(63,41,'2018-08-10 00:00:00'),(64,18,'2018-03-05 00:00:00'),(64,28,'2018-06-13 00:00:00'),(64,42,'2018-08-11 00:00:00'),(65,19,'2018-03-06 00:00:00'),(65,29,'2018-06-14 00:00:00'),(65,43,'2018-08-12 00:00:00'),(66,20,'2018-03-07 00:00:00'),(66,30,'2018-06-15 00:00:00'),(66,44,'2018-08-13 00:00:00'),(67,21,'2018-03-08 00:00:00'),(67,31,'2018-06-16 00:00:00'),(67,45,'2018-08-14 00:00:00'),(68,1,'2018-08-15 00:00:00'),(68,22,'2018-03-09 00:00:00'),(68,32,'2018-06-17 00:00:00'),(69,2,'2018-08-16 00:00:00'),(69,23,'2018-03-10 00:00:00'),(69,33,'2018-06-18 00:00:00'),(70,3,'2018-08-17 00:00:00'),(70,24,'2018-03-11 00:00:00'),(70,34,'2018-06-19 00:00:00'),(71,4,'2018-08-18 00:00:00'),(71,25,'2018-03-12 00:00:00'),(71,35,'2018-06-20 00:00:00'),(72,5,'2018-08-19 00:00:00'),(72,26,'2018-03-13 00:00:00'),(72,36,'2018-06-21 00:00:00'),(73,6,'2018-08-20 00:00:00'),(73,27,'2018-03-14 00:00:00'),(73,37,'2018-06-22 00:00:00'),(74,7,'2018-08-21 00:00:00'),(74,28,'2018-03-15 00:00:00'),(74,38,'2018-06-23 00:00:00'),(75,8,'2018-08-22 00:00:00'),(75,29,'2018-03-16 00:00:00'),(75,39,'2018-06-24 00:00:00'),(76,9,'2018-08-23 00:00:00'),(76,30,'2018-03-17 00:00:00'),(76,40,'2018-06-25 00:00:00'),(77,10,'2018-08-24 00:00:00'),(77,31,'2018-03-18 00:00:00'),(77,41,'2018-06-26 00:00:00'),(78,11,'2018-08-25 00:00:00'),(78,32,'2018-03-19 00:00:00'),(78,42,'2018-06-27 00:00:00'),(79,12,'2018-08-26 00:00:00'),(79,33,'2018-03-20 00:00:00'),(79,43,'2018-06-28 00:00:00'),(80,13,'2018-08-27 00:00:00'),(80,34,'2018-03-21 00:00:00'),(80,44,'2018-06-29 00:00:00'),(81,14,'2018-08-28 00:00:00'),(81,35,'2018-03-22 00:00:00'),(81,45,'2018-06-30 00:00:00'),(82,1,'2018-07-01 00:00:00'),(82,15,'2018-08-29 00:00:00'),(82,36,'2018-03-23 00:00:00'),(83,2,'2018-07-02 00:00:00'),(83,16,'2018-08-30 00:00:00'),(83,37,'2018-03-24 00:00:00'),(84,3,'2018-07-03 00:00:00'),(84,17,'2018-08-31 00:00:00'),(84,38,'2018-03-25 00:00:00'),(85,4,'2018-07-04 00:00:00'),(85,18,'2018-09-01 00:00:00'),(85,39,'2018-03-26 00:00:00'),(86,5,'2018-07-05 00:00:00'),(86,19,'2018-09-02 00:00:00'),(86,40,'2018-03-27 00:00:00'),(87,6,'2018-07-06 00:00:00'),(87,20,'2018-09-03 00:00:00'),(87,41,'2018-03-28 00:00:00'),(88,7,'2018-07-07 00:00:00'),(88,21,'2018-09-04 00:00:00'),(88,42,'2018-03-29 00:00:00'),(89,8,'2018-07-08 00:00:00'),(89,22,'2018-09-05 00:00:00'),(89,43,'2018-03-30 00:00:00'),(90,9,'2018-07-09 00:00:00'),(90,23,'2018-09-06 00:00:00'),(90,44,'2018-03-31 00:00:00'),(91,10,'2018-07-10 00:00:00'),(91,24,'2018-09-07 00:00:00'),(91,45,'2018-04-01 00:00:00'),(92,1,'2018-04-02 00:00:00'),(92,11,'2018-07-11 00:00:00'),(92,25,'2018-09-08 00:00:00'),(93,2,'2018-04-03 00:00:00'),(93,12,'2018-07-12 00:00:00'),(93,26,'2018-09-09 00:00:00'),(94,3,'2018-04-04 00:00:00'),(94,13,'2018-07-13 00:00:00'),(94,27,'2018-09-10 00:00:00'),(95,4,'2018-04-05 00:00:00'),(95,14,'2018-07-14 00:00:00'),(95,28,'2018-09-11 00:00:00'),(96,5,'2018-04-06 00:00:00'),(96,15,'2018-07-15 00:00:00'),(96,29,'2018-09-12 00:00:00'),(97,6,'2018-04-07 00:00:00'),(97,16,'2018-07-16 00:00:00'),(98,7,'2018-04-08 00:00:00'),(98,17,'2018-07-17 00:00:00'),(99,8,'2018-04-09 00:00:00'),(99,18,'2018-07-18 00:00:00'),(100,9,'2018-04-10 00:00:00'),(100,19,'2018-07-19 00:00:00');
/*!40000 ALTER TABLE `Subscriptions` ENABLE KEYS */;
UNLOCK TABLES;

--
-- Table structure for table `Teachers`
--

DROP TABLE IF EXISTS `Teachers`;
/*!40101 SET @saved_cs_client     = @@character_set_client */;
 SET character_set_client = utf8mb4 ;
CREATE TABLE `Teachers` (
  `id` int(10) unsigned NOT NULL AUTO_INCREMENT,
  `name` varchar(45) CHARACTER SET utf8 COLLATE utf8_general_ci NOT NULL COMMENT '  \n',
  `salary` int(10) unsigned DEFAULT NULL COMMENT '  ',
  `age` int(10) unsigned DEFAULT NULL COMMENT ' ',
  PRIMARY KEY (`id`)
) ENGINE=InnoDB AUTO_INCREMENT=51 DEFAULT CHARSET=utf8mb4;
/*!40101 SET character_set_client = @saved_cs_client */;

--
-- Dumping data for table `Teachers`
--

LOCK TABLES `Teachers` WRITE;
/*!40000 ALTER TABLE `Teachers` DISABLE KEYS */;
INSERT INTO `Teachers` VALUES (1,'Ягешев Сидор',10000,18),(2,'Яглинцев Владислав',20000,19),(3,'Апалков Ростислав',30000,20),(4,'Колиух Вацлав',5000,21),(5,'Ядренкин Елисей',2000,22),(6,'Шерков Артемий',3000,23),(7,'Хованский Платон',4000,24),(8,'Неелов Федор',6000,25),(9,'Калугер Вениамин',7500,26),(10,'Лобан Эммануил',8500,27),(11,'Яньков Эрнест',10000,28),(12,'Александрович Викентий',20000,29),(13,'Карявин Ерофей',30000,30),(14,'Корявин Илья',5000,31),(15,'Ямщиков Леонид',2000,32),(16,'Баскаков Егор',3000,33),(17,'Рождественский Ян',4000,34),(18,'Булдаков Евсей',6000,35),(19,'Седегов Варфоломей',7500,36),(20,'Пугачёв Лукьян',8500,37),(21,'Кубышкин Трофим',10000,38),(22,'Гавшин Онисим',20000,39),(23,'Яржемковский Дмитрий',30000,40),(24,'Янко Петр',5000,41),(25,'Сияница Олег',2000,42),(26,'Борисюк Саввелий',3000,43),(27,'Травников Ипатий',4000,18),(28,'Ерохин Павел',6000,19),(29,'Раскатов Вадим',7500,20),(30,'Разумов Феофан',8500,21),(31,'Лужков Назар',10000,22),(32,'Вельдин Вячеслав',20000,23),(33,'Яснов Онуфрий',30000,24),(34,'Касимов Прокофий',5000,25),(35,'Ажищенков Фома',2000,26),(36,'Столяров Авдей',3000,27),(37,'Федченков Константин',4000,28),(38,'Шамило Лаврентий',6000,29),(39,'Геремеш Георгий',7500,30),(40,'Кизюрин Евграф',8500,31),(41,'Чубаров Еремей',10000,32),(42,'Яблоновский Юлий',20000,33),(43,'Серов Яков',30000,34),(44,'Дьячков Мирон',5000,35),(45,'Матеров Данил',2000,36),(46,'Гурин Фока',3000,37),(47,'Панькив Поликарп',4000,38),(48,'Киселев Александр',6000,39),(49,'Махов Валентин',7500,40),(50,'Чечуров Радион',8500,41);
/*!40000 ALTER TABLE `Teachers` ENABLE KEYS */;
UNLOCK TABLES;
/*!40103 SET TIME_ZONE=@OLD_TIME_ZONE */;

/*!40101 SET SQL_MODE=@OLD_SQL_MODE */;
/*!40014 SET FOREIGN_KEY_CHECKS=@OLD_FOREIGN_KEY_CHECKS */;
/*!40014 SET UNIQUE_CHECKS=@OLD_UNIQUE_CHECKS */;
/*!40111 SET SQL_NOTES=@OLD_SQL_NOTES */;

-- Dump completed on 2019-04-22 16:54:13
